<?xml version="1.0"?>
<plugin xmlns:xsi="http://www.w3.org/2001/XMLSchema-instance" xmlns:xsd="http://www.w3.org/2001/XMLSchema" assembly="Soarway.Runner.Kaite.dll" display="Edc转换插件">
  <instances>
    <instance class="EdcToPdf" display="EDC转PDF" interval="10" maxLogCount="100" logFolder="Kaite">
      <Metadata><![CDATA[<?xml version="1.0" encoding="utf-16"?>
<EdcToPdfInfo xmlns:xsi="http://www.w3.org/2001/XMLSchema-instance" xmlns:xsd="http://www.w3.org/2001/XMLSchema">
  <EdcFolder>D:\Soarway\soarway_runner\Soarway.Runner.Kaite\edc</EdcFolder>
  <PdfFolder>D:\Soarway\soarway_runner\Soarway.Runner.Kaite\pdf</PdfFolder>
</EdcToPdfInfo>]]></Metadata>
    </instance>
  </instances>
</plugin>